[
  {
    "codes": [
      "NotBlank.beerDTO.beerName",
      "NotBlank.beerName",
      "NotBlank.java.lang.String",
      "NotBlank"
    ],
    "arguments": [
      {
        "codes": [
          "beerDTO.beerName",
          "beerName"
        ],
        "arguments": null,
        "defaultMessage": "beerName",
        "code": "beerName"
      }
    ],
    "defaultMessage": "must not be blank",
    "objectName": "beerDTO",
    "field": "beerName",
    "rejectedValue": null,
    "bindingFailure": false,
    "code": "NotBlank"
  },
  {
    "codes": [
      "NotNull.beerDTO.beerName",
      "NotNull.beerName",
      "NotNull.java.lang.String",
      "NotNull"
    ],
    "arguments": [
      {
        "codes": [
          "beerDTO.beerName",
          "beerName"
        ],
        "arguments": null,
        "defaultMessage": "beerName",
        "code": "beerName"
      }
    ],
    "defaultMessage": "must not be null",
    "objectName": "beerDTO",
    "field": "beerName",
    "rejectedValue": null,
    "bindingFailure": false,
    "code": "NotNull"
  }
]
